business,product_name,variant,category,price,canonical_item,size_base_unit,unit_type,unit_price,size
My Sasun,Sasun Whole Crayfish,8oz,Dried Produce,8.99,Crayfish,226.796,weight,0.0396,
My Sasun,Sasun Whole Crayfish,16oz,Dried Produce,15.99,Crayfish,453.592,weight,0.0353,
My Sasun,Sasun Ground Ogbono | 8oz,Default Title,Ogbono seeds,8.99,Ogbono,226.796,weight,0.0396,
My Sasun,Golden Harvest Parboiled Rice | 25lbs,Default Title,Rice,25.99,Rice,11339.8,weight,0.0023,
My Sasun,Spicity Crayfish Seasoning Powder 10g | Pack of 5,Default Title,seasonings,3.99,Crayfish,10.0,weight,0.399,
My Sasun,Peak Milk Holland | 2500g,Default Title,,54.99,Peak Evaporated Milk,2500.0,weight,0.022,
My Sasun,Sasun Plantain Chips |4oz,Sweet / Shelf-stable (ambient),Snacks,6.99,Plantain Chips,113.398,weight,0.0616,
My Sasun,Sasun Plantain Chips |2oz,Ripe,Snacks,3.99,Plantain Chips,56.699,weight,0.0704,
My Sasun,Sasun Plantain Chips |2oz,Sweet,Snacks,4.99,Plantain Chips,56.699,weight,0.088,
My Sasun,Sasun Plantain Chips |2oz,Hot & Sweet,Snacks,4.99,Plantain Chips,56.699,weight,0.088,
My Sasun,Oloye Dried Peeled Beans | 2lb,Default Title,beans,10.99,Beans,907.184,weight,0.0121,
My Sasun,Aani Golden Sella Basmati Rice | 5kg,Default Title,rice,35.99,Rice,5000.0,weight,0.0072,
My Sasun,Nestle Milo | 1.4kg,Default Title,Beverages,23.99,Milo,1400.0,weight,0.0171,
My Sasun,Affordable Foods Palm Oil | 10L,Default Title,Palm oil,59.99,Palm Oil,10000.0,volume,0.006,
My Sasun,Ayoola Rice Flour | Tuwo Tuo {4lb},Default Title,Rice flour,9.99,Rice Flour,1814.368,weight,0.0055,
My Sasun,Crunchie Sweet Plantain Chips 2.5oz,Default Title,,1.99,Plantain Chips,70.87375,weight,0.0281,
My Sasun,Ayoola Poundo Yam Flour 1lb,Default Title,,2.99,Poundo Yam Flour,453.592,weight,0.0066,
My Sasun,Nestle Milo | 400g,Default Title,Beverages,11.99,Milo,400.0,weight,0.03,
My Sasun,Omni Red Palm Oil | 2L,Default Title,Oil,15.99,Palm Oil,2000.0,volume,0.008,
My Sasun,Sasun Pounded Yam Flour - Iyan,3lbs,Flour,11.99,Yam Flour (Elubo),1360.7759999999998,weight,0.0088,
My Sasun,Sasun Pounded Yam Flour - Iyan,5lbs,Flour,14.99,Yam Flour (Elubo),2267.96,weight,0.0066,
My Sasun,Sasun Bukka Palm Oil (Locally Made & Scented)  | 3L,Default Title,Oils,24.99,Palm Oil,3000.0,volume,0.0083,
My Sasun,Sasun Local Ofada Rice,3lbs,Grains,14.99,Rice,1360.7759999999998,weight,0.011,
My Sasun,Sasun Local Ofada Rice,5lbs,Grains,21.99,Rice,2267.96,weight,0.0097,
My Sasun,Sasun Local Ofada Rice,10lbs,Grains,39.99,Rice,4535.92,weight,0.0088,
My Sasun,Ayoola Poundo Yam Flour | 10lbs,Default Title,,29.99,Poundo Yam Flour,4535.92,weight,0.0066,
My Sasun,Ayoola Poundo Yam Flour | 4lbs,Default Title,,14.99,Poundo Yam Flour,1814.368,weight,0.0083,
My Sasun,Banga Red Palm Oil | 2L,Default Title,Oil,14.99,Palm Oil,2000.0,volume,0.0075,
My Sasun,Okomu Banga Red Palm Oil | 4L,Default Title,Oil,27.99,Palm Oil,4000.0,volume,0.007,
My Sasun,Ola Ola Yam Flour Elubo | 5lbs,Default Title,Flour,23.99,Yam Flour (Elubo),2267.96,weight,0.0106,
My Sasun,Crunchie Green Plantain Chips 2.5oz,Default Title,,1.99,Plantain Chips,70.87375,weight,0.0281,
My Sasun,Broken Dried Peeled Beans,3lbs,beans,10.99,Beans,1360.7759999999998,weight,0.0081,
My Sasun,Broken Dried Peeled Beans,5lbs,beans,14.99,Beans,2267.96,weight,0.0066,
My Sasun,Super Lucky Elephant Basmati Rice 5lb,Default Title,Rice,10.99,Rice,2267.96,weight,0.0048,
My Sasun,Riceland Long Grain Rice | 5lbs,Default Title,Rice,7.99,Rice,2267.96,weight,0.0035,
My Sasun,Wakanda African Foods Yam Flour (Elubo) 5lbs,Default Title,Yam flour,14.99,Yam Flour (Elubo),2267.96,weight,0.0066,
My Sasun,Wakanda African Foods White Garri 10lbs,Default Title,Garri,21.99,Garri,4535.92,weight,0.0048,
My Sasun,Kokuho Rice 15lbs,Default Title,Rice,29.99,Rice,6803.88,weight,0.0044,
My Sasun,Sasun Brown Beans,3lbs,beans,9.99,Beans,1360.7759999999998,weight,0.0073,
My Sasun,Sasun Brown Beans,5lbs,beans,15.99,Beans,2267.96,weight,0.0071,
My Sasun,Sasun Brown Beans,10lbs,beans,29.99,Beans,4535.92,weight,0.0066,
My Sasun,Goya Aged Basmati Rice | 5lbs,Default Title,Goya,15.99,Rice,2267.96,weight,0.0071,
My Sasun,Sasun Garri Ijebu | Gari,3lbs,cassava,9.99,Garri,1360.7759999999998,weight,0.0073,
My Sasun,Sasun Garri Ijebu | Gari,5lbs,cassava,14.99,Garri,2267.96,weight,0.0066,
My Sasun,Sasun Garri Ijebu | Gari,10lbs,cassava,24.99,Garri,4535.92,weight,0.0055,
My Sasun,Ayoola Yam Flour - Elubo {2lb},Default Title,Flour,4.99,Yam Flour (Elubo),907.184,weight,0.0055,
My Sasun,Sasun Beans Flour | 2lbs,Default Title,Flour,9.99,Beans Flour,907.184,weight,0.011,
My Sasun,Ayoola Beans Flour 2lbs,Default Title,Flour,4.99,Beans Flour,907.184,weight,0.0055,
My Sasun,Sasun Garri,3lbs,Flour,9.99,Garri,1360.7759999999998,weight,0.0073,
My Sasun,Sasun Garri,5lbs,Flour,14.99,Garri,2267.96,weight,0.0066,
My Sasun,Sasun Garri,10lbs,Flour,24.99,Garri,4535.92,weight,0.0055,
My Sasun,Sasun Garri,50lbs,Flour,99.99,Garri,22679.6,weight,0.0044,
My Sasun,Par Excellence Extra Long Grain Rice 5lb (Not Parboiled),Default Title,Rice,7.99,Rice,2267.96,weight,0.0035,
My Sasun,Tres Estrellas Rice Flour 17.6 oz,Default Title,Flour,0.99,Rice Flour,498.95120000000003,weight,0.002,
My Sasun,Sasun Yam Flour - Elubo,3lbs,Flour,10.99,Yam Flour (Elubo),1360.7759999999998,weight,0.0081,
My Sasun,Sasun Yam Flour - Elubo,5lbs,Flour,15.99,Yam Flour (Elubo),2267.96,weight,0.0071,
My Sasun,Sasun Yam Flour - Elubo,10lbs,Flour,27.99,Yam Flour (Elubo),4535.92,weight,0.0062,
My Sasun,Nina Rice Flour | 4lbs,Default Title,flour,10.99,Rice Flour,1814.368,weight,0.0061,
My Sasun,Goya Thai Jasmine Rice | 5lbs,Default Title,Rice,9.99,Rice,2267.96,weight,0.0044,
My Sasun,Spicy World Rice Flour | 2lbs,Default Title,Flour,5.99,Rice Flour,907.184,weight,0.0066,
My Sasun,Dunar Basmati Rice - 10.0 lb,Default Title,Rice,24.99,Rice,4535.92,weight,0.0055,
My Sasun,Sasun Yellow Garri,3lbs,cassava,9.99,Garri,1360.7759999999998,weight,0.0073,
My Sasun,Sasun Yellow Garri,5lbs,cassava,14.99,Garri,2267.96,weight,0.0066,
My Sasun,Sasun Yellow Garri,10lbs,cassava,24.99,Garri,4535.92,weight,0.0055,
My Sasun,Sasun Yellow Garri,50lbs,cassava,99.99,Garri,22679.6,weight,0.0044,
Wazobia Market,Beta Value Ijebu Garri,,,9.39,Garri,4535.92,weight,0.0021,10lbs
Wazobia Market,Omni Red Palm Oil,,,14.08,Palm Oil,2000.0,volume,0.007,2L
Wazobia Market,Nigeria Taste Poundo Yam,,,4.78,Poundo Yam Flour,1500.0,weight,0.0032,1.5kg
Wazobia Market,Nigeria Taste Poundo Yam,,,5.78,Poundo Yam Flour,4000.0,weight,0.0014,4kg
Wazobia Market,Iyan Ado Poundo Yam,,,8.98,Poundo Yam Flour,907.184,weight,0.0099,2lb
Wazobia Market,Ayoola Poundo Yam,,,18.27,Poundo Yam Flour,4535.92,weight,0.004,10lb
Wazobia Market,Assy Yam Flour Elubo,,,2.26,Yam Flour (Elubo),907.184,weight,0.0025,2lb
Wazobia Market,Oloye Yam Flour Elubo,,,2.47,Yam Flour (Elubo),4535.92,weight,0.0005,10lb
Wazobia Market,Nigeria Taste Yam Flour,,,8.77,Yam Flour (Elubo),910.0,weight,0.0096,910g
Wazobia Market,Assy Ground Crayfish,,,2.59,Crayfish,90.7184,weight,0.0285,0.20lb
Wazobia Market,Assy Whole Crayfish,,,3.47,Crayfish,45.3592,weight,0.0765,0.10lb
Wazobia Market,Obiji Ground Egusi,,,4.57,Egusi,226.796,weight,0.0202,8oz
Wazobia Market,Obiji Ground Egusi,,,4.83,Egusi,453.592,weight,0.0106,1lb
Wazobia Market,Bonne Bouche Norwegian Stockfish,,,12.76,Stockfish,340.19399999999996,weight,0.0375,12oz
Wazobia Market,Choice Tropical Ground Ogbono,,,2.68,Ogbono,113.398,weight,0.0236,4oz
Wazobia Market,Choice Tropical Ground Ogbono,,,4.15,Ogbono,113.398,weight,0.0366,0.25lb
Wazobia Market,Obji Ground Ogbono,,,5.36,Ogbono,113.398,weight,0.0473,4oz
Wazobia Market,Mr.John's Ripe Plantain Chips,,,10.5,Plantain Chips,150.0,weight,0.07,150g
Wazobia Market,Goya Sweet Plantain Chips,,,1.21,Plantain Chips,113.0,weight,0.0107,113g
Wazobia Market,Goya Plantain Chips Lime,,,1.31,Plantain Chips,141.7475,weight,0.0092,5oz
Wazobia Market,Goya Plantain Chips Hot and Spicy,,,3.62,Plantain Chips,141.7475,weight,0.0255,5oz
Wazobia Market,Bush Best Baked Beans,,,2.1,Beans,453.592,weight,0.0046,16oz
Wazobia Market,Waz Honey/Oloyin Beans,,,177.75,Beans,22679.6,weight,0.0078,50lbs
Wazobia Market,Nigeria Taste Sweet Beans,,,2.26,Beans,1814.368,weight,0.0012,4lbs
Wazobia Market,MM Parboiled Rice ,,,90.89,Rice,11339.8,weight,0.008,25lbs
Wazobia Market,Mama Lycha Jasmine Rice,,,9.59,Rice,1995.8048000000001,weight,0.0048,4.4lb
Wazobia Market,Goya Brown Rice,,,4.15,Rice,907.184,weight,0.0046,2lbs
Wazobia Market,Goya Aged Basmatti Rice,,,4.67,Rice,2267.96,weight,0.0021,5lbs
Wazobia Market,Comet Rice Long Grns,,,19.46,Rice,11339.8,weight,0.0017,25lbs
Wazobia Market,Classic Grain Rice,,,10.49,Rice,22679.6,weight,0.0005,50lb
Wazobia Market,Classic Grain Rice,,,23.09,Rice,11339.8,weight,0.002,25lbs
Wazobia Market,Nestle Milo south Africa,,,8.77,Milo,400.0,weight,0.0219,400g
Wazobia Market,Indonesia Indomie Noodles Chicken Curry Box,,,29.77,Indomie Noodles,2400.0,weight,0.0124,2400g
Wazobia Market,Indonesia Indomie Noodles Chicken 30pk Pack,,,25.88,Indomie Noodles,2100.0,weight,0.0123,2100g
Wazobia Market,Indonesia Indomie Noodles Chicken Flav Box,,,29.77,Indomie Noodles,70.0,weight,0.4253,70g
Wazobia Market,Indonesia Indomie Noodles Chicken Curry Single,,,0.89,Indomie Noodles,80.0,weight,0.0111,80g
Wazobia Market,Nestle Milo,,,8.03,Milo,1800.0,weight,0.0045,1.8kg
Wazobia Market,Ghana Pride Zomi Palm Oil,,,7.61,Palm Oil,1000.0,volume,0.0076,1L
Wazobia Market,Ghana Taste Zomi Palm Oil,,,9.71,Palm Oil,1000.0,volume,0.0097,1L
Wazobia Market,Ghana Taste Zomi Palm Oil,,,17.51,Palm Oil,2000.0,volume,0.0088,2L
Wazobia Market,Nigeria Taste Yellow Garri,,,21.89,Garri,4000.0,weight,0.0055,4kg
Wazobia Market,Assy Ghana Garri,,,4.95,Garri,1814.368,weight,0.0027,4lbs
Wazobia Market,Assy Ijebu Garri,,,18.79,Garri,9071.84,weight,0.0021,20lb
Wazobia Market,Nigeria Taste Ijebu Garri,,,7.88,Garri,1500.0,weight,0.0053,1.5kg
Wazobia Market,Obiji White Garri,,,5.09,Garri,1360.7759999999998,weight,0.0037,3lbs
